[
  {
    "id": 0,
    "rawname": "Fnulll",
    "name": "空",
    "description": "空",
    "prefabs": null,
    "configs": [
      {
        "$type": "DTgood, Assembly-CSharp"
      }
    ]
  },
  {
    "id": 1,
    "rawname": "Fzs",
    "name": "灼烧",
    "description": "每{interval}s对自身造成[damage]伤害",
    "prefabs": null,
    "configs": [
      {
        "$type": "DTgood, Assembly-CSharp"
      }
    ]
  },
  {
    "id": 2,
    "rawname": "Fksyd",
    "name": "加速",
    "description": "移动速度提升[speedUp]",
    "prefabs": ["ksydBuff"],
    "configs": [
      {
        "$type": "DTgood, Assembly-CSharp"
      }
    ]
  }
]