[
  {
    "id": 0,
    "rawname": "Bnulll",
    "name": "空",
    "description": "素材导入要求：缩放模式改为层次(H)，消耗后动作为Destroy，不循环",
    "prefabs": null,
    "configs": [
      {
        "$type": "Dbullet_10, Assembly-CSharp",
        "bulletCol": 2,
        "bulletTime": 0.0,
        "bulletSpeed": 0.0,
        "move": "move",
        "start": "start",
        "hit": "hit"
      }
    ]
  },
  {
    "id": 1,
    "rawname": "Bmfhd",
    "name": "魔法护盾",
    "description": "空",
    "prefabs": [
      "mfhd"
    ],
    "configs": [
      {
        "$type": "Dbullet_10, Assembly-CSharp",
        "bulletCol": 0,
        "bulletTime": 5.0,
        "bulletSpeed": 0.0,
        "move": "move",
        "start": "start",
        "hit": "hit"
      }
    ]
  },
  {
    "id": 2,
    "rawname": "Blj",
    "name": "空",
    "description": "空",
    "prefabs": [
      "lj"
    ],
    "configs": [
      {
        "$type": "Dbullet_10, Assembly-CSharp",
        "bulletCol": 0,
        "bulletTime": 1.0,
        "bulletSpeed": 0.0,
        "move": "move",
        "start": "start",
        "hit": "hit"
      }
    ]
  },
  {
    "id": 3,
    "rawname": "Bhk",
    "name": "空",
    "description": "空",
    "prefabs": [
      "slash"
    ],
    "configs": [
      {
        "$type": "Dbullet_10, Assembly-CSharp",
        "bulletCol": 0,
        "bulletTime": 0.2,
        "bulletSpeed": 0.0,
        "move": null,
        "start": "FX_SwordSlash_01",
        "hit": "FX_SwordSlash_Hit_01"
      }
    ]
  },
  {
    "id": 4,
    "rawname": "Byh",
    "name": "烟花轨迹",
    "description": "空",
    "prefabs": ["yh"],
    "configs": [
      {
        "$type": "Dbullet_10, Assembly-CSharp",
        "bulletCol": 1,
        "bulletTime": 0.8,
        "bulletSpeed": 25.0,
        "move": "FX_Fireworks_Trail_01",
        "start": "start",
        "hit": "hit"
      }
    ]
  },
  {
    "id": 5,
    "rawname": "ByhExplosion",
    "name": "烟花爆炸",
    "description": "空",
    "prefabs": ["yhExplosion"],
    "configs": [
      {
        "$type": "Dbullet_10, Assembly-CSharp",
        "bulletCol": 0,
        "bulletTime": 0.5,
        "bulletSpeed": 0.0,
        "move": "move",
        "start": "FX_Fireworks_Explode_01",
        "hit": "hit"
      }
    ]
  }
]