[
  {
    "id": 0,
    "rawname": "Null",
    "name": "空",
    "description": "空",
    "prefabs": null,
    "configs": null
  },
  {
    "id": 1,
    "rawname": "Test",
    "name": "测试",
    "description": "内容不定，测试用卡牌",
    "prefabs": [
      "shot"
    ],
    "configs": null
  },
  {
    "id": 2,
    "rawname": "Obj",
    "name": "物体",
    "description": "这是个物体，可以发送碰撞消息\n团队:{team}",
    "prefabs": [
      "Cube"
    ],
    "configs": null
  },
  {
    "id": 3,
    "rawname": "Control",
    "name": "控制",
    "description": "可以响应控制，发送控制信息\nWADS发送移动控制信息、空格发送跳跃信息",
    "prefabs": null,
    "configs": null
  },
  {
    "id": 4,
    "rawname": "health",
    "name": "生命",
    "description": "当前生命值：{healthCur} / {healthMax}\n攻击速度：{atkSpeed}\n生命降低至0以下后准备死亡",
    "prefabs": null,
    "configs": null
  },
  {
    "id": 5,
    "rawname": "coldam",
    "name": "碰撞伤害(对敌)",
    "description": "对碰撞敌方造成 {damage} 伤害",
    "prefabs": null,
    "configs": null
  },
  {
    "id": 6,
    "rawname": "coldes",
    "name": "碰撞死亡",
    "description": "碰撞时真实死亡",
    "prefabs": null,
    "configs": null
  },
  {
    "id": 7,
    "rawname": "timedes",
    "name": "时间死亡",
    "description": "时间到后真实死亡，剩余时间{timeRes}秒",
    "prefabs": null,
    "configs": null
  },
  {
    "id": 8,
    "rawname": "player",
    "name": "玩家",
    "description": "这是玩家",
    "prefabs": [
      "player"
    ],
    "configs": [
      {
        "$type": "Dlive_19, Assembly-CSharp",
        "health": 10.0,
        "speed": 5.0,
        "dieAnimation": "die"
      },
      {
        "$type": "Dmymagic, Assembly-CSharp",
        "magicMax": 10.0,
        "magicIds": [
          1,
          8,
          2,
          3
        ]
      }
    ]
  },
  {
    "id": 9,
    "rawname": "camera",
    "name": "摄像头",
    "description": "这张卡的根卡将加上摄像机，显示第一/三人称视角，并且可以发送转动信息\n摄像头优先级：{priority}",
    "prefabs": [
      "camera"
    ],
    "configs": null
  },
  {
    "id": 10,
    "rawname": "bullet",
    "name": "子弹",
    "description": "一个撞到人会消失并且造成伤害的物体",
    "prefabs": [
      "bullet"
    ],
    "configs": [
      {
        "$type": "Dbullet_10, Assembly-CSharp",
        "bulletCol": 1,
        "bulletTime": 2.0,
        "bulletSpeed": 10.0,
        "move": "move",
        "start": "start",
        "hit": "hit"
      }
    ]
  },
  {
    "id": 11,
    "rawname": "jump",
    "name": "跳跃",
    "description": "可以接受跳跃信息给予物体向上的力",
    "prefabs": null,
    "configs": null
  },
  {
    "id": 12,
    "rawname": "cd",
    "name": "冷却",
    "description": "空",
    "prefabs": null,
    "configs": null
  },
  {
    "id": 13,
    "rawname": "des",
    "name": "无效",
    "description": "这张卡无效",
    "prefabs": null,
    "configs": null
  },
  {
    "id": 14,
    "rawname": "magic",
    "name": "魔法槽",
    "description": "能够装备一些魔法，接受控制信息释放装备着的魔法\n当前魔法：{magicCur}/{magicMax}",
    "prefabs": null,
    "configs": null
  },
  {
    "id": 15,
    "rawname": "magiccon",
    "name": "第三人称魔法控制",
    "description": "根据键盘操作发送魔法释放消息，以鼠标位置为施法位置",
    "prefabs": null,
    "configs": null
  },
  {
    "id": 16,
    "rawname": "shot",
    "name": "发射(Test)",
    "description": "[主动]\n发射火焰子弹",
    "prefabs": null,
    "configs": [
      {
        "$type": "Dmagic, Assembly-CSharp",
        "cd": 1.0,
        "cost": 1.0,
        "windUp": 0.8,
        "windDown": -1.0,
        "moveUse": false,
        "animName": "use"
      }
    ]
  },
  {
    "id": 17,
    "rawname": "magicbase",
    "name": "魔法基础",
    "description": "基础的魔法(技能)单位",
    "prefabs": null,
    "configs": null
  },
  {
    "id": 18,
    "rawname": "hk",
    "name": "挥砍一式",
    "description": "空",
    "prefabs": null,
    "configs": [
      {
        "$type": "Dmagic, Assembly-CSharp",
        "cd": 1.0,
        "cost": 0.0,
        "windUp": 0.0,
        "windDown": -1.0,
        "moveUse": false,
        "animName": "use"
      }
    ]
  },
  {
    "id": 19,
    "rawname": "live",
    "name": "生命基础",
    "description": "基本的生命单位，包含生命、速度、魔法",
    "prefabs": null,
    "configs": null
  },
  {
    "id": 20,
    "rawname": "hk2",
    "name": "挥砍二式",
    "description": "空",
    "prefabs": null,
    "configs": [
      {
        "$type": "Dmagic, Assembly-CSharp",
        "cd": 1.0,
        "cost": 0.0,
        "windUp": 0.0,
        "windDown": -1.0,
        "moveUse": false,
        "animName": "use"
      }
    ]
  },
  {
    "id": 21,
    "rawname": "dld",
    "name": "多段魔法切换",
    "description": "后摇结束后，切换魔法至下一个，连击最大间隔：{ljTimeMax}",
    "prefabs": null,
    "configs": null
  },
  {
    "id": 22,
    "rawname": "hkAll",
    "name": "挥砍",
    "description": "拥有多段挥砍的内容",
    "prefabs": null,
    "configs": [
      {
        "$type": "Dmagic, Assembly-CSharp",
        "cd": 1.0,
        "cost": 0.0,
        "windUp": 0.0,
        "windDown": -1.0,
        "moveUse": false,
        "animName": "use"
      }
    ]
  },
  {
    "id": 23,
    "rawname": "sword",
    "name": "空",
    "description": "空",
    "prefabs": [
      "sword"
    ],
    "configs": null
  },
  {
    "id": 24,
    "rawname": "hk3",
    "name": "挥砍三式",
    "description": "空",
    "prefabs": null,
    "configs": [
      {
        "$type": "Dmagic, Assembly-CSharp",
        "cd": 1.0,
        "cost": 0.0,
        "windUp": 0.0,
        "windDown": -1.0,
        "moveUse": false,
        "animName": "use"
      }
    ]
  },
  {
    "id": 25,
    "rawname": "showcard",
    "name": "展示卡牌",
    "description": "展示根卡的卡牌树",
    "prefabs": null,
    "configs": null
  },
  {
    "id": 26,
    "rawname": "ysw",
    "name": "衍生物标记",
    "description": "被 {from} 衍生",
    "prefabs": null,
    "configs": null
  },
  {
    "id": 27,
    "rawname": "diedes",
    "name": "死亡消毁",
    "description": "真正死亡后销毁根卡\n\n人被杀，就会死",
    "prefabs": null,
    "configs": null
  },
  {
    "id": 28,
    "rawname": "godie",
    "name": "死掉",
    "description": "准备死亡通过后，进入死亡动作，然后触发真正死亡",
    "prefabs": null,
    "configs": null
  },
  {
    "id": 29,
    "rawname": "Ebase",
    "name": "怪物基础",
    "description": "方便地配置成自主行动的怪物",
    "prefabs": [
      "enemy"
    ],
    "configs": [
      {
        "$type": "Dlive_19, Assembly-CSharp",
        "health": 10.0,
        "speed": 2.0,
        "dieAnimation": "*card*28*die"
      },
      {
        "$type": "Dmymagic, Assembly-CSharp",
        "magicMax": 50.0,
        "magicIds": [
          1
        ]
      }
    ]
  },
  {
    "id": 30,
    "rawname": "brain",
    "name": "智慧",
    "description": "这个卡没什么实质内容，子卡可以放些操控类的内容",
    "prefabs": null,
    "configs": null
  },
  {
    "id": 31,
    "rawname": "EBmove",
    "name": "怪物移动控制",
    "description": "寻找最近的敌人，向其移动\n寻敌距离上限：{maxFindDis}",
    "prefabs": null,
    "configs": null
  },
  {
    "id": 32,
    "rawname": "EBmagic",
    "name": "怪物魔法控制",
    "description": "自动释放冷却已好的魔法",
    "prefabs": null,
    "configs": null
  },
  {
    "id": 33,
    "rawname": "item",
    "name": "物品",
    "description": "威力倍数:{pow}",
    "prefabs": null,
    "configs": null
  },
  {
    "id": 34,
    "rawname": "quickdie",
    "name": "快速死亡",
    "description": "接受到准备死亡信息后立刻发送真实死亡信息",
    "prefabs": null,
    "configs": []
  },
  {
    "id": 35,
    "rawname": "buff",
    "name": "buff槽",
    "description": "能够接受bebuff消息，为效果计时与产生效果",
    "prefabs": null,
    "configs": []
  },
  {
    "id": 36,
    "rawname": "buffbase",
    "name": "buff基础",
    "description": "存储了buff的信息，可以继承此作为buff",
    "prefabs": null,
    "configs": []
  },
  {
    "id": 37,
    "rawname": "ShoulderCamera",
    "name": "过肩摄像机",
    "description": "过肩视角的实现",
    "prefabs": [
      "camera"
    ],
    "configs": []
  },
  {
    "id": 38,
    "rawname": "qhc",
    "name": "强化槽",
    "description": "附着于魔法上，承载着强化石，不负责装备等信息的处理",
    "prefabs": null,
    "configs": []
  }
]