[
  {
    "id": 0,
    "rawname": "Gnulll",
    "name": "空",
    "description": "空",
    "prefabs": null,
    "configs": [
      {
        "$type": "Ditem, Assembly-CSharp"
      }
    ]
  },
  {
    "id": 1,
    "rawname": "Gssqh",
    "name": "散射强化",
    "description": "魔法额外以[exPow]威力向0~{scatterRange}°偏移方向生效一次",
    "prefabs": null,
    "configs": [
      {
        "$type": "DGssqh_1, Assembly-CSharp",
        "exPow": 0.2,
        "scatterRange": 10.0
      }
    ]
  },
  {
    "id": 2,
    "rawname": "Gcfqh",
    "name": "触发强化",
    "description": "后摇阶段后，以[exPow]威力追加释放魔法{magic}",
    "prefabs": null,
    "configs": [
      {
        "$type": "DGcfqh_2, Assembly-CSharp",
        "exPow": 0.5
      }
    ]
  }
]