[
  {
    "id": 0,
    "rawname": "Mnulll",
    "name": "空",
    "description": "空",
    "prefabs": null,
    "configs": [
      {
        "$type": "Dmagic, Assembly-CSharp",
        "cd": 1.0,
        "cost": 0.0,
        "windUp": 0.0,
        "windDown": -1.0,
        "moveUse": false,
        "animName": "use"
      }
    ]
  },
  {
    "id": 1,
    "rawname": "Mshot",
    "name": "发射",
    "description": "[主动]\n发射火焰子弹，造成[damage]伤害",
    "prefabs": null,
    "configs": [
      {
        "$type": "DMshot_1, Assembly-CSharp",
        "damage": 1.0
      },
      {
        "$type": "Dmagic, Assembly-CSharp",
        "cd": 2.0,
        "cost": 1.0,
        "windUp": 0.8,
        "windDown": -1.0,
        "moveUse": false,
        "animName": "use"
      }
    ]
  },
  {
    "id": 2,
    "rawname": "Mmfd",
    "name": "魔法盾",
    "description": "[主动]\n展开单侧魔法护盾，抵御[effect]伤害",
    "prefabs": null,
    "configs": [
      {
        "$type": "DMmfd_2, Assembly-CSharp",
        "effect": 5.0
      },
      {
        "$type": "Dmagic, Assembly-CSharp",
        "cd": 6.0,
        "cost": 1.0,
        "windUp": 0.8,
        "windDown": -1.0,
        "moveUse": true,
        "animName": "use"
      }
    ]
  },
  {
    "id": 3,
    "rawname": "Mhfmf",
    "name": "恢复魔法(debug)",
    "description": "[被动]\n持续恢复法力，清空所有魔法冷却",
    "prefabs": null,
    "configs": [
      {
        "$type": "Dmagic, Assembly-CSharp",
        "cd": 1000.0,
        "cost": 0.0,
        "windUp": 0.0,
        "windDown": -1.0,
        "moveUse": false,
        "animName": "use"
      }
    ]
  },
  {
    "id": 4,
    "rawname": "Mtest",
    "name": "测试",
    "description": "[主动]\n测试效果\n[被动]\n测试效果",
    "prefabs": null,
    "configs": [
      {
        "$type": "Ditem, Assembly-CSharp"
      },
      {
        "$type": "Dmagic, Assembly-CSharp",
        "cd": 1.0,
        "cost": 0.0,
        "windUp": 0.0,
        "windDown": -1.0,
        "moveUse": false,
        "animName": "*magic*2*use"
      }
    ]
  },
  {
    "id": 5,
    "rawname": "Mlj",
    "name": "雷击",
    "description": "[主动]\n雷击最近的敌人，造成[damage]伤害",
    "prefabs": null,
    "configs": [
      {
        "$type": "DMlj_5, Assembly-CSharp",
        "damage": 0.6
      },
      {
        "$type": "Dmagic, Assembly-CSharp",
        "cd": 2.0,
        "cost": 1.0,
        "windUp": 0.5,
        "windDown": -1.0,
        "moveUse": false,
        "animName": "*magic*2*use"
      }
    ]
  },
  {
    "id": 6,
    "rawname": "Mksyd",
    "name": "快速移动",
    "description": "[主动]\n提升[speedUp]移动速度，持续{buffTime}s",
    "prefabs": null,
    "configs": [
      {
        "$type": "DMksyd_6, Assembly-CSharp",
        "speedUp": 5.0,
        "buffTime": 10.0
      },
      {
        "$type": "Dmagic, Assembly-CSharp",
        "cd": 8.0,
        "cost": 2.0,
        "windUp": 0.0,
        "windDown": -1.0,
        "moveUse": false,
        "animName": "use"
      }
    ]
  },
  {
    "id": 7,
    "rawname": "Mhk",
    "name": "挥砍",
    "description": "[主动]\n近距离挥砍，造成[damage]伤害",
    "prefabs": null,
    "configs": [
      {
        "$type": "DMhk_7, Assembly-CSharp",
        "damage": 1.0
      },
      {
        "$type": "Dmagic, Assembly-CSharp",
        "cd": 0.0,
        "cost": 0.0,
        "windUp": 0.2,
        "windDown": -1.0,
        "moveUse": false,
        "animName": "use"
      }
    ]
  },
  {
    "id": 8,
    "rawname": "Myh",
    "name": "烟花",
    "description": "[主动]\n发射烟花子弹，造成[damage]伤害，接触后产生爆炸造成[damageExplosion]溅射伤害",
    "prefabs": null,
    "configs": [
      {
        "$type": "DMyh_8, Assembly-CSharp",
        "damage": 0.5,
        "damageExplosion": 1.0
      },
      {
        "$type": "Dmagic, Assembly-CSharp",
        "cd": 3.0,
        "cost": 2.0,
        "windUp": 0.8,
        "windDown": -1.0,
        "moveUse": false,
        "animName": "*magic*1*use"
      }
    ]
  }
]